X,Y,OBJECTID,PARK_ID,FACILITYID,COURT_ID,PARKNAME,PARKNAME_FR,CLUB,CLUB_FR,SURFACE_COLOUR,ADDRESS,ADDRESS_FR,NO_COURTS,INDOOR_COURT,OUTDOOR_COURT,LIGHTS,CLUBHOUSE,BENCHES,FENCE,PRACTICE_COURT,BACKWALL,COURT_TYPE,COURT_TYPE_FR,ACCESSIBLE,OPEN,MODIFIED_DATE,CREATED_DATE,SURFACE_COLOUR_FR,PARKADDRESS,PARKADDRESS_FR,LINK,LINK_FR,LINK_LABEL,LINK_LABEL_FR,LINK_DESCRIPTION,LINK_DESCRIPTION_FR,PICKLEBALL
-75.9549738185733,45.3760953928013,1,903,27037,46,March Central Community Centre and Park,Parc et centre communautaire March Central,Public Tennis Courts,Courts de tennis publics,Asphalt,630 Cameron Harvey Drive,"630, promenade Cameron Harvey",1,0,1,no/non,no/non,no/non,yes/oui,no/non,yes/oui,Public Courts,Courts publics,no/non,,2021/08/18 10:51:57+00,,asphalte,"630 Cameron Harvey Drive, Kanata","630, promenade Cameron Harvey, Kanata",,,,,,,0
-75.786420146918,45.3567184538356,2,22,3737,28,Frank Ryan Park,Parc Frank-Ryan,Public Tennis Courts,Courts de tennis publics,Asphalt,"950 Alpine Avenue, Ottawa","950, avenue Alpine, Ottawa",2,0,2,no/non,no/non,yes/oui,yes/oui,no/non,yes/oui,Public Courts,Courts publics,no/non,,2021/08/18 10:51:57+00,,asphalte,"950 Alpine Avenue, Ottawa","950, avenue Alpine, Ottawa",,,,,,,0
-75.9222090855152,45.3281936010356,3,1801,36403,77,Walden Park,Parc Walden,Public Tennis Courts,Courts de tennis publics,Asphalt,"130 Walden Drive, Kanata","130, promenade Walden, Kanata",1,0,1,yes/oui,yes/oui,yes/oui,yes/oui,no/non,no/non,Public Courts,Courts publics,no/non,,2021/08/18 10:51:56+00,,asphalte,"130 Walden Drive, Kanata","130, promenade Walden, Kanata",,,,,,,0
-75.6361120177596,45.3556326039097,4,964,27048,69,Sieveright Park,Parc Sieveright,Public Tennis Courts,Courts de tennis publics,Asphalt,"2999 Sable Ridge Drive, Gloucester","2999, promenade Sable Ridge, Gloucester",2,0,2,yes/oui,no/non,yes/oui,yes/oui,no/non,no/non,Public Courts,Courts publics,no/non,,2021/08/18 10:53:58+00,,asphalte,"2999 Sable Ridge Drive, Gloucester","2999, promenade Sable Ridge, Gloucester",,,,,,,2
-75.6448154657641,45.3915442616262,5,831,3166,61,Playfair Park,Parc Playfair,Public Tennis Courts,Courts de tennis publics,Asphalt,"1801 Playfair Drive, Ottawa","1801, promenade Playfair, Ottawa",2,0,2,no/non,no/non,yes/oui,yes/oui,no/non,no/non,Public Courts,Courts publics,no/non,,2021/08/18 10:51:57+00,,asphalte,"1801 Playfair Drive, Ottawa","1801, promenade Playfair, Ottawa",,,,,,,0
-75.7017209820834,45.3595316082182,6,31,3722,13,Carleton Heights Park,Parc Carleton Heights,Public Tennis Courts,Courts de tennis publics,Asphalt,"1665 Apeldoorn Avenue, Ottawa","1665, avenue Apeldoorn, Ottawa",2,0,2,no/non,no/non,no/non,no/non,no/non,no/non,Public Courts,Courts publics,no/non,,2021/08/18 10:51:58+00,,asphalte,"1665 Apeldoorn Avenue, Ottawa","1665, avenue Apeldoorn, Ottawa",,,,,,,2
-75.8429055993324,45.1967728802535,7,506,7599,43,Richmond Lions Community Park,Parc communautaire Lions de Richmond,Public Tennis Courts,Courts de tennis publics,Asphalt,"3302 Huntley Road, Goulbourn","3302, chemin Huntley, Goulbourn",2,0,2,yes/oui,no/non,no/non,yes/oui,no/non,yes/oui,Public Courts,Courts publics,no/non,,2021/08/18 10:51:58+00,,asphalte,"3302 Huntley Road, Goulbourn","3302, chemin Huntley, Goulbourn",,,,,,,2
-75.644904107923,45.346926882974,8,1111,27046,75,Trappers Park,Parc Trappers,Public Tennis Courts,Courts de tennis publics,Asphalt,"3580 Trapper's Road, Gloucester","3580, chemin Trapper's, Gloucester",1,0,1,no/non,no/non,yes/oui,yes/oui,no/non,no/non,Public Courts,Courts publics,no/non,,2021/08/18 10:51:59+00,,asphalte,"3580 Trapper's Road, Gloucester","3580, chemin Trapper's, Gloucester",,,,,,,1
-75.6757772144699,45.4209883755943,9,1094,3788,71,St. Germain Park,Parc St-Germain,Public Tennis Courts,Courts de tennis publics,Green Acrylic,"86 Templeton Street, Ottawa","86, rue Templeton, Ottawa",3,0,3,yes/oui,no/non,no/non,yes/oui,no/non,no/non,Public Courts,Courts publics,no/non,,2018/01/17 09:09:37+00,,acrylique vert,"86 A Templeton Street, Ottawa","86 A, rue Templeton, Ottawa",,,,,,,0
-75.8213683628349,45.319702069568,10,1080,27020,13,Lynwood Park,Parc Lynwood,Lynwood Tennis Club,Club de tennis de Lynwood,Green Acrylic,"7 Sycamore Drive, Nepean","7, promenade Sycamore, Nepean",4,0,4,yes/oui,yes/oui,no/non,yes/oui,no/non,yes/oui,Membership Clubs,Abonnement des clubs,no/non,,2018/01/17 09:09:51+00,,acrylique vert,"7 Sycamore Drive, Nepean","7, promenade Sycamore, Nepean",,,,,,,0
-75.6040069248012,45.4433218430702,11,377,7428,7,Elmridge Park,Parc Elmridge,Elmridge Tennis Club,Club de tennis Elmridge,Green Acrylic,"1841 Elmridge Drive, Gloucester","1841, promenade Elmridge, Gloucester",4,0,4,yes/oui,yes/oui,no/non,yes/oui,no/non,no/non,Membership Clubs,Abonnement des clubs,no/non,,2019/02/27 10:37:27+00,,acrylique vert,"1841 Elmridge Drive, Gloucester","1841, promenade Elmridge, Gloucester",,,,,,,2
-75.5379938398721,45.450851271552,12,326,27005,18,Chapel Hill Park,Parc Chapel Hill,Public Tennis Courts,Courts de tennis publics,Green Acrylic,"1556 Forest Valley Drive, Gloucester","1556, promenade Forest Valley, Gloucester",2,0,2,no/non,no/non,yes/oui,yes/oui,no/non,yes/oui,Public Courts,Courts publics,no/non,,2019/02/27 10:39:25+00,,acrylique vert,"1556 Forest Valley Drive, Gloucester","1556, promenade Forest Valley, Gloucester",,,,,,,2
-75.7332803889309,45.2708572329191,13,2508,35118,,Mancini Park,Parc Mancini,Public Tennis Courts,Courts de tennis publics,Blue Acrylic,"110 Mancini Way, Nepean","110, voie Mancini, Nepean",2,0,2,,,,,,,Public Courts,Courts publics,no/non,,2019/02/27 10:44:45+00,2015/09/17 11:36:42+00,acrylique bleu,110 Mancini Way,"110, voie Mancini",,,,,,,2
-75.6256822386461,45.3521841875424,14,1031,27047,66,Russell Boyd Park,Parc Russell-Boyd,Gabriela Dabrowski Tennis Courts,Terrains de tennis Gabriela-Dabrowski,Green Acrylic,"1735 St. Bernard Street, Gloucester","1735, rue St. Bernard, Gloucester",2,0,2,no/non,no/non,no/non,yes/oui,no/non,no/non,Public Courts,Courts publics,no/non,,2019/02/27 10:45:26+00,,acrylique vert,"1735 St. Bernard Street, Gloucester","1735, rue St. Bernard, Gloucester",,,,,,,2
-75.5259392168188,45.4745332009991,15,1053,27008,16,Pierre Rocque Park,Parc Pierre-Rocque,Orléans Tennis Club,Club de tennis d'Orléans,Blue Acrylic,"1257 Joseph Drouin Avenue, Gloucester","1257, avenue Joseph-Drouin, Gloucester",4,0,4,yes/oui,yes/oui,yes/oui,yes/oui,no/non,no/non,Membership Clubs,Abonnement des clubs,no/non,,2019/02/27 10:46:15+00,,acrylique bleu,"1257 Joseph-Drouin Avenue, Gloucester","1257, avenue Joseph-Drouin, Gloucester",,,,,,,8
-75.7986766088392,45.3626643890036,16,182,3712,22,Britannia Park,Parc Britannia,Tennis Centre West Ottawa,Centre de tennis d'Ottawa-Ouest,Clay,"2805 Carling Avenue, Ottawa","2805, avenue Carling, Ottawa",13,6,7,yes/oui,yes/oui,yes/oui,yes/oui,yes/oui,yes/oui,Membership Clubs,Abonnement des clubs,no/non,,2018/01/17 09:06:26+00,,argile,"2805 Carling Avenue, Ottawa","2805, avenue Carling, Ottawa",,,,,,,2
-75.8024688090819,45.3719642386539,17,,36401,0,,,Britannia Yacht Club (Tennis),Club nautique de Britannia (Tennis),Blue Acrylic,"2777 Cassels Street, Ottawa","2777, rue Cassels, Ottawa",4,0,4,yes/oui,yes/oui,yes/oui,yes/oui,no/non,no/non,Private Clubs,Clubs privés,no/non,,2019/02/27 10:46:45+00,,acrylique bleu,,,,,,,,,1
-75.6867597817749,45.2210698683406,18,330,27016,14,Centennial Park,Parc du Centenaire,Manotick Tennis Club,Club de tennis de Manotick,Green Acrylic,"5572 Doctor Leach Drive, Rideau","5572, promenade Doctor-Leach, Rideau",6,0,6,yes/oui,yes/oui,yes/oui,yes/oui,no/non,no/non,Membership Clubs,Abonnement des clubs,no/non,,2019/02/27 10:47:29+00,,acrylique vert,"5572 Doctor Leach Drive, Rideau","5572, promenade Doctor-Leach, Rideau",,,,,,,4
-75.8278490293817,45.3456668240167,19,283,27023,5,Corkstown Park,Parc Corkstown,Crystal Beach Tennis Club,Club de tennis de Crystal Beach,Blue Acrylic,"61 Corkstown Road, Nepean","61, chemin Corkstown, Nepean",3,0,3,yes/oui,yes/oui,no/non,yes/oui,no/non,no/non,Membership Clubs,Abonnement des clubs,no/non,,2019/02/27 10:48:10+00,,acrylique bleu,"61 Corkstown Road, Nepean","61, chemin Corkstown, Nepean",,,,,,,1
-75.6770325031799,45.4558190504415,20,,35587,0,,,Ottawa New Edinburgh Club,Ottawa New Edinburgh Club,Clay / Green Acrylic,"504 Sir George-Étienne Cartier Parkway, Rockcliffe Park","504 promenade de Sir George-Étienne Cartier, Rockcliffe Park",11,0,11,yes/oui,yes/oui,yes/oui,yes/oui,no/non,no/non,Private Clubs,Clubs privés,no/non,,2019/02/27 10:48:51+00,2016/05/16 10:04:45+00,argile / acrylique vert,,,,,,,,,1
-75.6860984573341,45.388560416882,21,,36405,0,,,Ottawa Tennis and Lawn Bowling Club,Club de tennis et de boulingrin d'Ottawa,Clay,"176 Cameron Avenue, Ottawa","176, avenue Cameron, Ottawa",18,0,18,yes/oui,yes/oui,yes/oui,yes/oui,yes/oui,yes/oui,Private Clubs,Clubs privés,no/non,,2019/02/27 10:49:34+00,,argile,,,,,,,,,1
-75.6814154247736,45.3617632046503,22,468,3703,5,Arnott Park,Parc Arnott,Public Tennis Courts,Courts de tennis publics,Green Acrylic,"691 Hartman Crescent, Ottawa","691, croissant Hartman, Ottawa",2,0,2,no/non,no/non,yes/oui,yes/oui,no/non,no/non,Public Courts,Courts publics,no/non,,2021/10/19 11:57:10+00,,acrylique vert,"691 Hartman Crescent, Ottawa","691, croissant Hartman, Ottawa",,,,,,,2
-75.614977644226,45.4521137713176,23,1178,27017,7,Birdland Park,Parc Birdland,Public Tennis Courts,Courts de tennis publics,Green Acrylic,"3 Whippoorwill Drive, Gloucester","3, promenade Whippoorwill, Gloucester",1,0,1,no/non,no/non,yes/oui,yes/oui,no/non,no/non,Public Courts,Courts publics,no/non,,2021/10/25 16:01:41+00,,acrylique vert,"3 Whippoorwill Drive, Gloucester","3, promenade Whippoorwill, Gloucester",,,,,,,0
-75.5311118626501,45.4790986199475,24,107,27010,8,Bilberry Park,Parc Bilberry,Public Tennis Courts,Courts de tennis publics,Green Acrylic,"6600 Bilberry Drive, Gloucester","6600, promenade Bilberry, Gloucester",2,0,2,no/non,no/non,yes/oui,yes/oui,no/non,no/non,Public Courts,Courts publics,no/non,,2021/10/25 13:22:31+00,,acrylique vert,"6600 Bilberry Drive, Gloucester","6600, promenade Bilberry, Gloucester",,,,,,,2
-75.6950222620777,45.3881823106935,25,,36399,0,,,Carleton Tennis Center,Centre de tennis de Carleton,Blue Acrylic,"1125 Colonel By Drive, Ottawa","1125, promenade Colonel By, Ottawa",5,4,1,yes/oui,yes/oui,yes/oui,yes/oui,no/non,no/non,Private Clubs,Clubs privés,no/non,,2018/01/17 09:09:28+00,,acrylique bleu,,,,,,,,,0
-75.7112004056101,45.1310346829899,26,273,27061,3,Alfred Taylor Recreation Facility - North Gower,Installation récréative Alfred-Taylor - North Gower,Public Tennis Courts,Courts de tennis publics,Green Acrylic,"2300 Community Way, Rideau","2300, voie Community, Rideau",4,0,4,yes/oui,no/non,no/non,yes/oui,no/non,no/non,Public Courts,Courts publics,no/non,,2021/10/07 09:39:38+00,,acrylique vert,"2300 Community Way, Rideau","2300, voie Community, Rideau",,,,,,,4
-75.6901202786415,45.2758337914774,27,1001,27019,27,Four Seasons Park,Parc Four Seasons,Public Tennis Courts,Courts de tennis publics,Green Acrylic,"4386 Spratt Road, Gloucester","4386, chemin Spratt, Gloucester",2,0,2,no/non,no/non,no/non,yes/oui,no/non,no/non,Public Courts,Courts publics,no/non,,2022/03/21 15:00:05+00,,acrylique vert,"4386 Spratt Road, Gloucester","4386, chemin Spratt, Gloucester",,,,,,,2
-75.691842704774,45.4020175435239,28,638,3204,19,Glebe Community Centre and St James Tennis Courts,Centre communautaire Glebe et terrains de tennis St-James,St. James Tennis Club,Club de tennis St-James,Green Acrylic,"690 Lyon Street South, Ottawa","690, rue Lyon Sud, Ottawa",4,0,4,yes/oui,yes/oui,yes/oui,yes/oui,no/non,no/non,Membership Clubs,Abonnement des clubs,no/non,,2022/03/28 09:28:01+00,,acrylique vert,"690 Lyon Street South, Ottawa","690, rue Lyon Sud, Ottawa",,,,,,,0
-75.4634582617728,45.3651393823152,29,365,27024,23,Harkness Park,Parc Harkness,Public Tennis Courts,Courts de tennis publics,Green Acrylic,"6020 Piperville Road, Gloucester","6020, chemin Piperville, Gloucester",2,0,2,no/non,no/non,no/non,yes/oui,no/non,no/non,Public Courts,Courts publics,no/non,,2022/03/30 14:35:25+00,,acrylique vert,"6020 Piperville Road, Gloucester","6020, chemin Piperville, Gloucester",,,,,,,0
-75.6420042428796,45.2304220052944,30,976,27039,33,Harold Barnhart Park,Parc Harold-Barnhart,Public Tennis Courts,Courts de tennis publics,Green Acrylic,"5650 Scobie Crescent, Osgoode","5650, croissant Scobie, Osgoode",2,0,2,no/non,no/non,no/non,yes/oui,no/non,no/non,Public Courts,Courts publics,no/non,,2022/03/30 15:16:52+00,,acrylique vert,"5650 Scobie Crescent, Osgoode","5650, croissant Scobie, Osgoode",,,,,,,2
-75.582936486163,45.3237608490956,31,1625,57567,,Slate Park,Parc Slate,Public Tennis Courts,Courts de tennis publics,Asphalt,100 Highgarden Terrace,"100, terrasse Highgarden",2,0,2,no/non,no/non,no/non,yes/oui,no/non,no/non,Public Courts,Courts publics,no/non,,2022/07/22 14:07:48+00,2022/07/22 14:01:06+00,asphalte,"13 Slate Street, Goulbourn","13, rue Slate, Goulbourn",,,,,,,2
-75.6896024394061,45.4148059459515,32,522,3747,34,Jack Purcell Park,Parc Jack-Purcell,Public Tennis Courts,Courts de tennis publics,Blue Acrylic,"320 Jack Purcell Lane, Ottawa","320, ruelle Jack-Purcell, Ottawa",1,0,1,yes/oui,no/non,yes/oui,yes/oui,no/non,no/non,Public Courts,Courts publics,no/non,,2018/01/17 09:09:59+00,,acrylique bleu,"320 Jack Purcell Lane, Ottawa","320, ruelle Jack-Purcell, Ottawa",,,,,,,0
-75.6757119329999,45.4442208317917,33,942,3758,11,Lindenlea Park,Parc Lindenlea,Lindenlea Tennis Club,Club de tennis de Lindenlea,Green Acrylic,"15 Rockcliffe Way, Ottawa","15, voie Rockcliffe, Ottawa",3,0,3,no/non,no/non,yes/oui,yes/oui,no/non,no/non,Membership Clubs,Abonnement des clubs,no/non,,2018/01/17 09:10:37+00,,acrylique vert,"15 Rockcliffe Way, Ottawa","15, voie Rockcliffe, Ottawa",,,,,,,0
-75.7295545661029,45.336834123291,34,1190,7103,74,Tanglewood Park,Parc Tanglewood,Public Tennis Courts,Courts de tennis publics,Blue Acrylic,"30 Woodfield Drive, Nepean","30, promenade Woodfield, Nepean",2,0,2,yes/oui,no/non,no/non,yes/oui,no/non,no/non,Public Courts,Courts publics,no/non,,2018/01/17 09:10:37+00,,acrylique bleu,"30 Woodfield Drive, Nepean","30, promenade Woodfield, Nepean",,,,,,,0
-75.9249319024976,45.2601682339072,35,1160,27062,2,Alexander Grove Park,Parc Alexander-Grove,Public Tennis Courts,Courts de tennis publics,Blue Acrylic,"10 Warner Colpitts Lane, Goulbourn","10, ruelle Warner-Colpitts, Goulbourn",3,0,3,yes/oui,no/non,no/non,yes/oui,yes/oui,yes/oui,Public Courts,Courts publics,no/non,,2021/10/06 10:45:02+00,,acrylique bleu,"10 Warner Colpitts Lane, Goulbourn","10, ruelle Warner-Colpitts, Goulbourn",,,,,,,2
-75.4544671417733,45.4786855136289,36,1681,53541,,Coyote Trail Park,Parc Coyote Trail,Public Tennis Courts,Courts de tennis publics,Asphalt,1829 Trim Road,"1829, chemin Trim",2,0,2,no/non,no/non,no/non,yes/oui,no/non,no/non,Public Courts,Courts publics,no/non,,2021/08/16 10:31:52+00,2021/08/16 10:23:10+00,asphalte,1829 Trim Road,"1829, chemin Trim",,,,,,,2
-75.731334713484,45.3975642371792,37,495,27054,6,Fisher Park,Parc Fisher,Elmdale Tennis Club,Club de tennis Elmdale,Clay,"250 Holland Avenue, Ottawa","250, avenue Holland, Ottawa",6,0,6,yes/oui,yes/oui,no/non,yes/oui,no/non,no/non,Membership Clubs,Abonnement des clubs,no/non,,2018/01/17 09:09:17+00,,argile,"250 Holland Avenue, Ottawa","250, avenue Holland, Ottawa",,,,,,,0
-75.3428423893472,45.4407550450542,38,970,27052,82,Yves Chénier Park,Parc Yves-Chénier,Public Tennis Courts,Courts de tennis publics,Green Acrylic,"3585 Sarsfield Road, Cumberland","3585, chemin Sarsfield, Cumberland",2,0,2,yes/oui,no/non,no/non,yes/oui,no/non,no/non,Public Courts,Courts publics,no/non,,2018/01/17 09:10:00+00,,acrylique vert,"3585 Sarsfield Road, Cumberland","3585, chemin Sarsfield, Cumberland",,,,,,,0
-75.5507587554307,45.2664586846494,39,2488,35821,,Greely Village Park,Parc du village de Greely,Public Tennis Courts,Courts de tennis publics,Blue Acrylic,"7292 Parkway Road, Osgoode","7292 Parkway Road, Osgoode",2,0,2,yes/oui,no/non,no/non,yes/oui,no/non,no/non,Public Courts,Courts publics,yes/oui,,2022/03/29 09:57:47+00,2017/04/28 15:45:07+00,acrylique bleu,7292 Parkway Road,"7292, chemin Parkway",,,,,,,2
-75.7456392965238,45.3672406825258,40,456,27029,32,Greenlawn Park,Parc Greenlawn,Public Tennis Courts,Courts de tennis publics,Asphalt,"1145 Greenlawn Crescent, Ottawa","1145, croissant Greenlawn, Ottawa",2,0,2,no/non,no/non,yes/oui,yes/oui,no/non,no/non,Public Courts,Courts publics,no/non,,2022/03/29 14:33:15+00,,asphalte,"1145 Greenlawn Crescent, Ottawa","1145, croissant Greenlawn, Ottawa",,,,,,,2
-75.6295038874604,45.3895540184554,41,37,3720,12,Canterbury Park,Parc Canterbury,Public Tennis Courts,Courts de tennis publics,Green Acrylic,"2185 Arch Street, Ottawa","2185, rue Arch, Ottawa",2,0,2,no/non,no/non,yes/oui,yes/oui,no/non,no/non,Public Courts,Courts publics,no/non,,2018/01/17 09:10:02+00,,acrylique vert,"2185 Arch Street, Ottawa","2185, rue Arch, Ottawa",,,,,,,0
-75.7574420481411,45.3609845276716,42,742,3769,53,Navaho Park,Parc Navaho,Public Tennis Courts,Courts de tennis publics,Asphalt,"2031 Navaho Drive, Ottawa","2031, promenade Navaho, Ottawa",2,0,2,no/non,no/non,yes/oui,yes/oui,no/non,no/non,Public Courts,Courts publics,no/non,,2021/08/18 10:51:59+00,,asphalte,"2031 Navaho Drive, Ottawa","2031, promenade Navaho, Ottawa",,,,,,,0
-75.6471102822259,45.3850117730532,43,1146,3736,26,Rabbi Bulka Kindness Park,Parc de la Bonté rabbin Bulka,Public Tennis Courts,Courts de tennis publics,Asphalt,"2330 Virginia Drive, Ottawa","2330, promenade Virginia, Ottawa",2,0,2,no/non,no/non,yes/oui,yes/oui,no/non,yes/oui,Public Courts,Courts publics,no/non,,2021/08/18 10:51:59+00,,asphalte,"2330 Virginia Drive, Ottawa","2330, promenade Virginia, Ottawa",,,,,,,0
-75.6103872603106,45.3200274280726,44,2457,53507,,Diamond Jubilee Park,Parc du Jubilé de Diamant,Public Tennis Courts,Courts de tennis publics,Asphalt,"2810 Findlay Creek Drive / 4008 Kelly Farm Drive, Gloucester","2810, promenade Findlay Creek / 4008, promenade Kelly Farm, Gloucester",2,0,2,,no/non,yes/oui,yes/oui,no/non,no/non,Public Courts,Courts publics,no/non,,2021/08/18 10:53:57+00,2021/02/11 11:17:34+00,asphalte,"2810 Findlay Creek Drive / 4008 Kelly Farm Drive, Gloucester","2810, promenade Findlay Creek / 4008, promenade Kelly Farm, Gloucester",,,,,,,2
-75.8816715590871,45.2767837153144,45,2633,53011,,Rouncey Park,Parc Rouncey,Public Tennis Courts,Courts de tennis publics,Asphalt,590 Rouncey Road,"590, chemin Rouncey",2,0,2,yes/oui,no/non,no/non,yes/oui,no/non,no/non,Public Courts,Courts publics,,,2021/08/18 10:53:58+00,2020/10/26 13:17:02+00,asphalte,590 Rouncey Road,"590, chemin Rouncey",,,,,,,2
-75.9400862792197,45.3208988491271,46,2553,52347,4,Devonian Park,Parc Devonian,Public Tennis Courts,Courts de tennis publics,Asphalt,"171 Escarpment Crescent, Kanata","171, croissant Escarpment, Kanata",1,0,1,no/non,no/non,yes/oui,yes/oui,no/non,no/non,Public Courts,Courts publics,yes/oui,,2021/08/18 10:53:59+00,2020/08/06 14:31:42+00,asphalte,171 Escarpment Crescent,"171, croissant Escarpment",,,,,,,1
-75.6587504585398,45.3771218102015,47,,36410,0,,,Tennis Courts - Ridgemont High School,Courts de tennis - Ridgemont High School,Blue Acrylic,"2597 Alta VIsta Drive, Ottawa","2597, promenade Alta Vista",2,0,2,no/non,no/non,no/non,yes/oui,no/non,no/non,School Board Sites,Emplacement des conseils scolaires,no/non,,2021/08/18 09:05:07+00,,acrylique bleu,,,,,,,,,0
-75.695518592052,45.2681106456369,48,2499,35617,,Summerhill Park,Parc Summerhill,Public Tennis Courts,Courts de tennis publics,Blue Acrylic,"560 Summerhill Street, Gloucester","560, rue Summerhill, Gloucester",2,0,2,no/non,no/non,no/non,yes/oui,no/non,no/non,Public Courts,Courts publics,no/non,,2021/08/18 10:38:22+00,2016/06/13 13:50:35+00,acrylique bleu,560 Summerhill Street,"560, rue Summerhill",,,,,,,2
-75.9023046610141,45.328485963945,49,1700,27067,6,Beaverbrook Pool Park,Parc Beaverbrook Pool,Public Tennis Courts,Courts de tennis publics,Green Acrylic,"5 Beaverbrook Road, Kanata","5, chemin Beaverbrook, Kanata",2,0,2,no/non,no/non,no/non,yes/oui,no/non,no/non,Public Courts,Courts publics,no/non,,2021/08/18 10:42:36+00,,acrylique vert,"1002 Beaverbrook Road, Kanata","1002, chemin Beaverbrook, Kanata",,,,,,,2
-75.7983313198002,45.3561317240824,50,458,3748,35,Judge Park,Parc Judge,Public Tennis Courts,Courts de tennis publics,Asphalt,"837 Grenon Avenue, Ottawa","837, avenue Grenon, Ottawa",2,0,2,no/non,no/non,yes/oui,yes/oui,no/non,no/non,Public Courts,Courts publics,no/non,,2021/08/18 10:51:50+00,,asphalte,"837 Grenon Avenue, Ottawa","837, avenue Grenon, Ottawa",,,,,,,0
-75.6411751122454,45.4355458875864,51,,36407,0,,,Tennis Courts - Rideau High School,Courts de tennis - Rideau High School,Asphalt,"815 St. Laurent Boulevard, Ottawa","815, boulevard St. Laurent, Ottawa",4,0,4,no/non,no/non,no/non,yes/oui,no/non,no/non,School Board Sites,Emplacement des conseils scolaires,no/non,,2021/08/18 10:51:50+00,,asphalte,,,,,,,,,0
-75.7958551837881,45.3505313266609,52,459,3744,67,Ruth Wildgen Park,Parc Ruth-Wildgen,Public Tennis Courts,Courts de tennis publics,Asphalt,"1099 Grenon Avenue, Ottawa","1099, avenue Grenon, Ottawa",1,0,1,no/non,no/non,no/non,yes/oui,no/non,no/non,Public Courts,Courts publics,no/non,,2021/08/18 10:51:51+00,,asphalte,"1099 Grenon Avenue, Ottawa","1099, avenue Grenon, Ottawa",,,,,,,0
-75.6034855471019,45.4196530719214,53,1068,27051,81,Woodburn Park,Parc Woodburn,Public Tennis Courts,Courts de tennis publics,Asphalt,"1819 Stonehenge Crescent, Gloucester","1819, croissant Stonehenge, Gloucester",2,0,2,yes/oui,no/non,yes/oui,yes/oui,no/non,no/non,Public Courts,Courts publics,no/non,,2021/08/18 10:51:51+00,,asphalte,"1819 Stonehenge Crescent, Gloucester","1819, croissant Stonehenge, Gloucester",,,,,,,2
-75.7926388287954,45.3676695739323,54,141,3756,42,Lincoln Heights Park,Parc Lincoln Heights,Public Tennis Courts,Courts de tennis publics,Asphalt,"265 Britannia Road, Ottawa","265, chemin Britannia, Ottawa",2,0,2,no/non,no/non,yes/oui,yes/oui,no/non,no/non,Public Courts,Courts publics,no/non,,2021/08/18 10:51:52+00,,asphalte,"265 Britannia Road, Ottawa","265, chemin Britannia, Ottawa",,,,,,,2
-75.7782590352068,45.3629350277453,55,,36400,0,,,Tennis Courts - Woodroffe High School,Courts de tennis - Woodroffe High School,Asphalt,"2410 Georgina Drive, Ottawa","2410, promenade Georgina, Ottawa",4,0,4,no/non,no/non,no/non,yes/oui,no/non,no/non,School Board Sites,Emplacement des conseils scolaires,no/non,,2021/08/18 10:51:53+00,,asphalte,,,,,,,,,0
-75.5129318432701,45.4856514194396,56,591,27011,47,Marsha Park,Parc Marsha,Public Tennis Courts,Courts de tennis publics,Green Acrylic,"855 Lawnsberry Drive, Cumberland","855, promenade Lawnsberry, Cumberland",2,0,2,yes/oui,no/non,no/non,yes/oui,no/non,no/non,Public Courts,Courts publics,no/non,,2021/08/17 14:51:09+00,,acrylique vert,"855 A Lawnsberry Drive, Cumberland","855 A, promenade Lawnsberry, Cumberland",,,,,,,2
-75.765759305015,45.3834256630683,57,1163,3762,48,McKellar Park,Parc McKellar,Public Tennis Courts,Courts de tennis publics,Blue Acrylic,"539 Wavell Avenue, Ottawa","539, avenue Wavell, Ottawa",2,0,2,no/non,no/non,yes/oui,yes/oui,no/non,no/non,Public Courts,Courts publics,no/non,,2021/08/17 14:59:21+00,,acrylique bleu,"539 Wavell Avenue, Ottawa","539, avenue Wavell, Ottawa",,,,,,,2
-75.9088743757584,45.2428443835221,58,2540,52319,,Howard A. Maguire Park,Parc Howard-A.-Maguire,Public Tennis Courts,Courts de tennis publics,Asphalt,560 Parade Drive,"560, promenade Parade, Goulbourn",1,0,1,no/non,no/non,yes/oui,yes/oui,no/non,no/non,Public Courts,Courts publics,yes/oui,,2021/08/17 15:28:45+00,2020/08/05 15:46:40+00,asphalte,560 Parade Drive,"560, promenade Parade",,,,,,,1
-75.7309427129485,45.2398322977988,59,2507,52527,,Guinness Park,Parc Guinness,Public Tennis Courts,Courts de tennis publics,Blue Acrylic,120 Ramsgrange Street,"120, rue Ramsgrange",2,0,2,no/non,no/non,yes/oui,yes/oui,no/non,no/non,Public Courts,Courts publics,yes/oui,,2021/08/17 13:35:43+00,2020/10/21 11:59:05+00,acrylique bleu,120 Ramsgrange Street,"120, rue Ramsgrange",,,,,,,2
-75.6000251198465,45.4540623680199,60,,36398,0,,,Tennis Courts - Colonel By Secondary School,Courts de tennis - Colonel By Secondary School,Blue Acrylic,"2381 Ogilvie Road, Gloucester","2381, chemin Ogilvie, Gloucester",7,0,7,yes/oui,no/non,yes/oui,yes/oui,no/non,no/non,School Board Sites,Emplacement des conseils scolaires,no/non,,2018/01/17 09:10:25+00,,acrylique bleu,,,,,,,,,0
-75.4981666661364,45.4679500019655,61,843,27002,17,Kinsella Park,Parc Kinsella,Queenswood/Fallingbrook Tennis Club - Kinsella,Club de tennis de Queenswood/Fallingbrook - Kinsella,Green Acrylic,"1600 Prestwick Drive, Cumberland","1600, promenade Prestwick, Cumberland",4,0,4,yes/oui,yes/oui,yes/oui,yes/oui,no/non,no/non,Membership Clubs,Abonnement des clubs,no/non,,2018/01/17 09:10:27+00,,acrylique vert,"1600 Prestwick Drive, Cumberland","1600, promenade Prestwick, Cumberland",,,,,,,0
-75.6130854356064,45.4014259431773,62,,36404,0,,,Ottawa Athletic Club (Tennis),Club d'athlétisme d'Ottawa (tennis),Blue Acrylic,"2525 Lancaster Road, Ottawa","2525, chemin Lancaster, Ottawa",14,8,6,yes/oui,yes/oui,yes/oui,yes/oui,no/non,no/non,Private Clubs,Clubs privés,no/non,,2018/01/17 09:10:23+00,,acrylique bleu,,,,,,,,,0
-75.6340212769707,45.3626806763813,63,631,36397,31,Bruff Park,Parc Bruff,Public Tennis Courts,Courts de tennis publics,Green Acrylic,"250 Lorry Greenberg Drive, Ottawa","250, promenade Lorry-Greenberg, Ottawa",2,0,2,no/non,no/non,yes/oui,yes/oui,no/non,no/non,Public Courts,Courts publics,no/non,,2021/11/19 13:26:19+00,,asphalte,"250 Lorry Greenberg Drive, Ottawa","250, promenade Lorry-Greenberg, Ottawa",,,,,,,2
-75.6135506398544,45.4597293917451,64,271,27018,19,Combermere Park,Parc Combermere,Public Tennis Courts,Courts de tennis publics,Green Acrylic,"11 Combermere Lane, Gloucester","11, ruelle Combermere, Gloucester",3,0,3,yes/oui,no/non,yes/oui,yes/oui,no/non,no/non,Public Courts,Courts publics,no/non,,2021/11/30 08:47:19+00,,acrylique vert,"11 Combermere Lane, Gloucester","11, ruelle Combermere, Gloucester",,,,,,,2
-75.6866127113932,45.4378647299107,65,1056,27040,54,New Edinburgh Park,Parc New Edinburgh,Public Tennis Courts,Courts de tennis publics,Blue Acrylic,"193 Stanley Avenue, Ottawa","193, avenue Stanley, Ottawa",2,0,2,no/non,no/non,yes/oui,yes/oui,no/non,yes/oui,Public Courts,Courts publics,no/non,,2018/01/17 09:09:34+00,,acrylique bleu,"203 Stanley Avenue, Ottawa","203, avenue Stanley, Ottawa",,,,,,,0
-75.6965708713893,45.4059884535045,66,223,3725,17,Chamberlain Park,Parc Chamberlain,Public Tennis Courts,Courts de tennis publics,Green Acrylic,"80 Chamberlain Avenue, Ottawa","80, avenue Chamberlain, Ottawa",2,0,2,no/non,no/non,no/non,yes/oui,no/non,no/non,Public Courts,Courts publics,no/non,,2018/01/17 09:09:34+00,,acrylique vert,"80 Chamberlain Avenue, Ottawa","80, avenue Chamberlain, Ottawa",,,,,,,0
-75.6861130540592,45.4154858529286,67,415,3787,72,St. Luke's Park,Parc St. Luke,Leon Katz Public Tennis Courts,Courts de tennis publics de Leon-Katz,Green Acrylic,"166 Frank Street, Ottawa","166, rue Frank, Ottawa",2,0,2,yes/oui,no/non,yes/oui,yes/oui,no/non,no/non,Public Courts,Courts publics,no/non,,2018/01/17 09:09:36+00,,acrylique vert,"166 Frank Street, Ottawa","166, rue Frank, Ottawa",,,,,,,0
-75.6139976900488,45.3987139335606,68,1021,3786,68,Sheffield Glen Park,Parc Sheffield Glen,Public Tennis Courts,Courts de tennis publics,Green Acrylic,"2320 Southvale Crescent, Ottawa","2320, croissant Southvale, Ottawa",2,0,2,no/non,no/non,no/non,yes/oui,no/non,no/non,Public Courts,Courts publics,no/non,,2018/01/17 09:10:03+00,,acrylique vert,"2320 Southvale Crescent, Ottawa","2320, croissant Southvale, Ottawa",,,,,,,0
-75.7305816755442,45.3149905863518,69,49,27056,10,Grenfell Glen Park,Parc Grenfell Glen,Grenfell Tennis Club - Grenfell Glen Site,Club de tennis Grenfell - Emplacement Grenfell Glen,Blue Acrylic,"53 Avonlea Road, Nepean","53, chemin Avonlea, Nepean",2,0,2,yes/oui,no/non,no/non,yes/oui,no/non,no/non,Membership Clubs,Abonnement des clubs,no/non,,2018/01/17 09:10:11+00,,acrylique bleu,"53 Avonlea Road, Nepean","53, chemin Avonlea, Nepean",,,,,,,0
-75.7742504083543,45.3336317647647,70,449,27058,4,Craig Henry Park,Parc Craig-Henry,Craig Henry Tennis Club,Club de tennis Craig-Henry,Green Acrylic,"135 Craig Henry Drive, Nepean","135, promenade Craig-Henry, Nepean",8,0,8,yes/oui,yes/oui,yes/oui,yes/oui,yes/oui,yes/oui,Membership Clubs,Abonnement des clubs,no/non,,2018/01/17 09:10:11+00,,acrylique vert,"135 Craig Henry Drive, Nepean","135, promenade Craig-Henry, Nepean",,,,,,,0
-75.7382871545568,45.3446044694692,71,393,27059,3,Bob Mitchell Park,Parc Bob-Mitchell,City View Tennis Club,Club de tennis City View,Blue Acrylic,"58 Fieldrow Street, Nepean","58, rue Fieldrow, Nepean",5,0,5,yes/oui,yes/oui,yes/oui,yes/oui,yes/oui,yes/oui,Membership Clubs,Abonnement des clubs,no/non,,2018/01/17 09:10:13+00,,acrylique bleu,"58 Fieldrow Street, Nepean","58, rue Fieldrow, Nepean",,,,,,,0
-75.6728484991328,45.4524050250832,72,,35589,0,,,Rockcliffe Lawn Tennis Club,Club de Tennis Rockcliffe,Clay / Blue Acrylic,"465 Lawsdowne Road North, Rockcliffe Park","465 chemin Lansdowne Nord, Rockcliffe Park",8,0,8,no/non,yes/oui,yes/oui,yes/oui,no/non,no/non,Private Clubs,Clubs privés,no/non,,2018/01/17 09:10:15+00,2016/05/16 10:14:05+00,argile / acrylique bleu,,,,,,,,,0
-75.68733147052,45.4359855901214,73,150,3708,10,Bordeleau Park,Parc Bordeleau,Public Tennis Courts,Courts de tennis publics,Asphalt,"349 Bruyère Street, Ottawa","349, rue Bruyère, Ottawa",2,0,2,no/non,no/non,yes/oui,yes/oui,no/non,no/non,Public Courts,Courts publics,no/non,,2021/10/29 13:19:41+00,,asphalte,"349 Bruyère Street, Ottawa","349, rue Bruyère, Ottawa",,,,,,,2
-75.5186387423537,45.4524266487163,74,1005,27004,73,St. François Park,Parc St-François,Public Tennis Courts,Courts de tennis publics,Green Acrylic,"1855 Simard Drive, Gloucester","1855, promenade Simard, Gloucester",1,0,1,no/non,no/non,yes/oui,yes/oui,no/non,no/non,Public Courts,Courts publics,no/non,,2018/01/17 09:10:17+00,,acrylique vert,"1855 Simard Drive, Gloucester","1855, promenade Simard, Gloucester",,,,,,,0
-75.672584094402,45.3724028649907,75,543,3751,36,Kaladar Park,Parc Kaladar,Public Tennis Courts,Courts de tennis publics,Green Acrylic,"2554 Kaladar Avenue, Ottawa","2554, avenue Kaladar, Ottawa",2,0,2,no/non,no/non,yes/oui,yes/oui,no/non,no/non,Public Courts,Courts publics,no/non,,2018/01/17 09:10:31+00,,acrylique vert,"2554 Kaladar Avenue, Ottawa","2554, avenue Kaladar, Ottawa",,,,,,,0
-75.7618304952722,45.2827999776317,76,582,7081,1,Larkin Park,Parc Larkin,Barrhaven Tennis Club,Club de tennis de Barrhaven,Blue Acrylic,"76 Larkin Drive, Nepean","76, promenade Larkin, Nepean",8,0,8,yes/oui,yes/oui,no/non,yes/oui,no/non,yes/oui,Membership Clubs,Abonnement des clubs,no/non,,2018/01/17 09:09:28+00,,acrylique bleu,"76 Larkin Drive, Nepean","76, promenade Larkin, Nepean",,,,,,,0
-75.6959215771868,45.4337921656328,77,208,3707,9,Bingham Park,Parc Bingham,Public Tennis Courts,Courts de tennis publics,Green Acrylic,"145 Cathcart Street, Ottawa","145, rue Cathcart, Ottawa",1,0,1,no/non,no/non,no/non,yes/oui,no/non,no/non,Public Courts,Courts publics,no/non,,2018/01/17 09:09:31+00,,acrylique vert,"145 Cathcart Street, Ottawa","145, rue Cathcart, Ottawa",,,,,,,0
-75.509511380265,45.4365245361838,78,2559,52913,,Patrick Dugas Park,Parc Patrick-Dugas,Public Tennis Courts,Courts de tennis publics,Blue Acrylic,550 Compass street,"550, rue Compass",1,0,1,no/non,no/non,yes/oui,yes/oui,no/non,no/non,Public Courts,Courts publics,yes/oui,,2020/10/23 15:39:13+00,2020/10/23 15:34:38+00,,550 Compass Street,"550, rue Compass",,,,,,,
-75.6652915179249,45.3844077060611,79,,36408,4,,,Tennis Courts - Alta Vista Public School,Courts de tennis - Alta Vista Public School,Green Acrylic,"1349 Randal Avenue, Ottawa","1349, avenue Randal, Ottawa",2,0,2,no/non,no/non,no/non,yes/oui,no/non,no/non,School Board Sites,Emplacement des conseils scolaires,no/non,,2020/12/29 11:51:25+00,,acrylique vert,,,,,,,,,0
-75.9395518229482,45.163001280554,80,734,27066,52,Dogwood Park and Munster Hamlet Community Centre,Parc Dogwood et Centre communautaire de Munster-Hamlet,Public Tennis Courts,Courts de tennis publics,Asphalt,"2890 Munster Road, Goulbourn","2890, chemin Munster, Goulbourn",2,0,2,yes/oui,no/non,no/non,yes/oui,no/non,no/non,Public Courts,Courts publics,no/non,,2021/08/18 10:51:53+00,,asphalte,"2890 Munster Road, Goulbourn","2890, chemin Munster, Goulbourn",,,,,,,2
-75.6453612039773,45.4174159347198,81,48,3724,16,Cecil Morrison Park,Parc Cecil-Morrison,Public Tennis Courts,Courts de tennis publics,Asphalt,"1332 Avenue N, Ottawa","1332, avenue N, Ottawa",1,0,1,no/non,no/non,no/non,yes/oui,no/non,no/non,Public Courts,Courts publics,no/non,,2021/08/18 10:51:53+00,,asphalte,"1332 Avenue N, Ottawa","1332, avenue N, Ottawa",,,,,,,0
-75.6019083749576,45.1472002441131,82,653,27041,56,Osgoode Community Centre,Centre communautaire d'Osgoode,Public Tennis Courts,Courts de tennis publics,Asphalt,"5660 Osgoode Main Street, Osgoode","5660, rue Osgoode Main, Osgoode",2,0,2,yes/oui,no/non,yes/oui,yes/oui,no/non,no/non,Public Courts,Courts publics,no/non,,2021/08/18 10:51:54+00,,asphalte,"5660 Osgoode Main Street, Osgoode","5660, rue Osgoode Main, Osgoode",,,,,,,2
-75.7437499526317,45.3347415329968,83,1191,36406,0,Medhurst Park,Parc Medhurst,Tennis Practice Ball Wall - Medhurst Park,Mur d'entraînement au tennis - Parc Medhurst,Asphalt,"72 Medhurst Drive, Nepean","72, promenade Medhurst, Nepean",0,0,0,no/non,no/non,no/non,no/non,yes/oui,no/non,Practice Ball Wall,Mur d'entraînement,no/non,,2021/08/18 10:51:55+00,,asphalte,72 Medhurst Drive / 403 Woodfield Drive,"72, promenade Medhurst / 403, promenade Woodfield",,,,,,,0
-75.56252225606,45.4332352912113,84,514,7427,2,Bearbrook Park and Pool,Parc et Piscine Bearbrook,Blackburn Tennis Club,Club de tennis de Blackburn,Green Acrylic,"99 Bearbrook Road, Gloucester","99, chemin Bearbrook, Gloucester",6,0,6,yes/oui,yes/oui,yes/oui,yes/oui,no/non,no/non,Membership Clubs,Abonnement des clubs,no/non,,2021/10/21 15:14:52+00,,acrylique vert,"99 Bearbrook Road, Gloucester","99, chemin Bearbrook, Gloucester",,,,,,,0
-75.6687067536333,45.4273451861362,85,,36411,0,,,Rideau Sports Centre,Centre Sportif Rideau,Clay / Green Acrylic,"1 Donald Street, Vanier ","1, rue Donald, Vanier",19,6,13,yes/oui,yes/oui,yes/oui,yes/oui,no/non,no/non,Private Clubs,Clubs privés,no/non,,2018/01/17 09:09:17+00,,argile / acrylique vert,,,,,,,,,4
-75.8900527598395,45.3114617196254,86,235,27031,15,Cattail Creek Park,Parc Cattail Creek,Public Tennis Courts,Courts de tennis publics,Asphalt,"38 Chimo Drive, Kanata","38, promenade Chimo, Kanata",2,0,2,no/non,no/non,no/non,yes/oui,no/non,no/non,Public Courts,Courts publics,no/non,,2021/11/25 10:14:53+00,,asphalte,"38 Chimo Drive, Kanata","38, promenade Chimo, Kanata",,,,,,,2
-75.6414261832825,45.3996380949383,87,,36402,0,,,Tennis Courts - Hillcrest High School,Courts de tennis - Hillcrest High School,Blue Acrylic,"1900 Dauphin Road, Ottawa","1900, chemin Dauphin, Ottawa",4,0,4,yes/oui,no/non,no/non,yes/oui,no/non,yes/oui,School Board Sites,Emplacement des conseils scolaires,no/non,,2021/08/17 15:02:26+00,,acrylique bleu,,,,,,,,,4
-75.7127279700895,45.3699575604176,88,613,3755,41,Lexington Park,Parc Lexington,Public Tennis Courts,Courts de tennis publics,Green Acrylic,"1404 Lexington Street, Ottawa","1404, rue Lexington, Ottawa",2,0,2,no/non,no/non,yes/oui,yes/oui,no/non,no/non,Public Courts,Courts publics,no/non,,2021/08/17 15:58:48+00,,acrylique vert,"1404 Lexington Street, Ottawa","1404, rue Lexington, Ottawa",,,,,,,2
-75.6592649165165,45.4083631878461,89,23,27050,20,Dale Park,Parc Dale,Public Tennis Courts,Courts de tennis publics,Asphalt,"1590 Alta Vista Drive, Ottawa","1590, promenade Alta Vista,  Ottawa",2,0,2,no/non,no/non,yes/oui,yes/oui,no/non,no/non,Public Courts,Courts publics,no/non,,2021/08/17 15:50:49+00,,asphalte,"1590 Alta Vista Drive, Ottawa","1590, promenade Alta Vista,  Ottawa",,,,,,,2
-75.6903174983722,45.3663647538023,90,940,3767,50,Mooney's Bay Park,Parc Mooney's Bay,Public Tennis Courts,Courts de tennis publics,Green Acrylic,"2960 Riverside Drive, Ottawa","2960, promenade Riverside, Ottawa",2,0,2,yes/oui,no/non,yes/oui,yes/oui,no/non,no/non,Public Courts,Courts publics,no/non,,2021/08/17 11:23:36+00,,acrylique vert,"2960 Riverside Drive, Ottawa","2960, promenade Riverside, Ottawa",,,,,,,2
-75.6725548749007,45.4073225269549,91,249,3710,11,Brantwood Park,Parc Brantwood,Public Tennis Courts,Courts de tennis publics,Green Acrylic,"39 Onslow Crescent, Ottawa","39, croissant Onslow, Ottawa",2,0,2,no/non,no/non,yes/oui,yes/oui,no/non,yes/oui,Public Courts,Courts publics,no/non,,2021/08/17 13:06:35+00,,acrylique vert,"39 Onslow Crescent, Ottawa","39, croissant Onslow, Ottawa",,,,,,,2
-75.6320962394191,45.4406873646936,92,1573,27065,22,Dr. John Hopps Park,Parc du Dr-John-Hopps,Public Tennis Courts,Courts de tennis publics,Asphalt,"300 Den Haag Drive, Ottawa","300, promenade Den-Haag, Ottawa",2,0,2,yes/oui,no/non,no/non,yes/oui,no/non,no/non,Public Courts,Courts publics,no/non,,2021/12/13 11:35:12+00,,asphalte,"300 Den Haag Drive, Ottawa","300, promenade Den-Haag, Ottawa",,,,,,,2
-75.4682021489056,45.2305339814768,93,9,27042,49,Metcalfe Community Centre,Centre communautaire de Metcalfe,Public Tennis Courts,Courts de tennis publics,Green Acrylic,"2785 8th Line Road, Osgoode","2785, chemin 8th Line, Osgoode",2,0,2,yes/oui,no/non,no/non,yes/oui,no/non,no/non,Public Courts,Courts publics,no/non,,2022/09/01 14:24:40+00,,acrylique vert,2785 8th Line Road,"2785, chemin 8th Line",,,,,,,2
-75.4627892091256,45.4713421142391,94,1511,27012,70,Valin Park and South Fallingbrook Community Centre,Parc Valin et Centre communautaire de South Fallingbrook,Public Tennis Courts,Courts de tennis publics,Green Acrylic,"998 Valin Street, Cumberland","998, rue Valin, Cumberland",3,0,3,yes/oui,no/non,yes/oui,yes/oui,no/non,no/non,Public Courts,Courts publics,no/non,,2019/02/27 10:14:51+00,,acrylique vert,"998 Valin Street, Cumberland","998, rue Valin, Cumberland",,,,,,,3
-75.6469651854429,45.3600584384271,95,808,3776,63,R. George Pushman Park,Parc R.-George-Pushman,Public Tennis Courts,Courts de tennis publics,Green Acrylic,"1270 Pebble Road, Ottawa","1270, chemin Pebble, Ottawa",3,0,3,no/non,no/non,no/non,yes/oui,no/non,no/non,Public Courts,Courts publics,no/non,,2019/02/27 10:15:27+00,,acrylique vert,"1270 Pebble Road, Ottawa","1270, chemin Pebble, Ottawa",,,,,,,1
-75.7833785456891,45.3272501730249,96,101,27026,20,Trend-Arlington Park,Parc Trend-Arlington,Trend Arlington Tennis Club,Club de tennis de Trend-Arlington,Green Acrylic,"50 Bellman Drive, Nepean","50, promenade Bellman, Nepean",4,0,4,yes/oui,yes/oui,yes/oui,yes/oui,yes/oui,yes/oui,Membership Clubs,Abonnement des clubs,no/non,,2018/01/17 09:06:31+00,,acrylique vert,"50 Bellman Drive, Nepean","50, promenade Bellman, Nepean",,,,,,,3
-76.0375469280485,45.3504764345054,97,541,27038,55,Huntley Community Centre,Centre communautaire Huntley,Carp Tennis Club,Club de tennis de Carp,Green Acrylic,"108 Juanita Avenue, West Carleton","108, avenue Juanita, West Carleton",2,0,2,yes/oui,no/non,yes/oui,yes/oui,no/non,yes/oui,Membership Clubs,Abonnement des clubs,no/non,,2019/02/19 15:39:07+00,,acrylique vert,"108 Juanita Avenue, West Carleton","108, avenue Juanita, West Carleton",,,,,,,0
-75.7189377164248,45.3517413698291,98,234,27028,8,General Burns Park,Parc du Général-Burns,General Burns Tennis Club,Club de tennis General-Burns,Green Acrylic,"107 Chesterton Drive, Nepean","107, promenade Chesterton, Nepean",4,0,4,yes/oui,yes/oui,no/non,yes/oui,yes/oui,yes/oui,Membership Clubs,Abonnement des clubs,no/non,,2022/03/25 09:45:58+00,,acrylique vert,"107 Chesterton Drive, Nepean","107, promenade Chesterton, Nepean",http://www.generalburnstennis.ca/,http://www.generalburnstennis.ca/,Tennis Club,Club de tennis,,,0
-75.5330333338901,45.440033335949,99,1323,27006,44,Longleaf Park,Parc Longleaf,Public Tennis Courts,Courts de tennis publics,Green Acrylic,"5831 Gladewoods Place, Gloucester","5831, place Gladewoods, Gloucester",2,0,2,yes/oui,no/non,yes/oui,yes/oui,no/non,yes/oui,Public Courts,Courts publics,no/non,,2022/08/26 09:22:23+00,,acrylique vert,"5831 Gladewoods Place, Gloucester","5831, place Gladewoods, Gloucester",,,,,,,0
-75.6637856962686,45.3546879462899,100,130,3773,57,Owl Park,Parc Owl,Public Tennis Courts,Courts de tennis publics,Green Acrylic,"215 Owl Drive, Ottawa","215, promenade Owl, Ottawa",4,0,4,yes/oui,no/non,yes/oui,yes/oui,no/non,no/non,Public Courts,Courts publics,no/non,,2019/02/27 10:17:51+00,,acrylique vert,"215 Owl Drive, Ottawa","215, promenade Owl, Ottawa",,,,,,,2
-75.6188762058966,45.3696432735129,101,120,27049,24,Elizabeth Manley Park,Parc Elizabeth-Manley,Public Tennis Courts,Courts de tennis publics,Green Acrylic,"1161 Blohm Drive, Ottawa","1161, promenade Blohm, Ottawa",2,0,2,no/non,no/non,yes/oui,yes/oui,no/non,no/non,Public Courts,Courts publics,no/non,,2019/02/27 10:18:18+00,,acrylique vert,"1161 Blohm Drive, Ottawa","1161, promenade Blohm, Ottawa",,,,,,,2
-75.6817278112187,45.3488161959509,102,1122,3791,76,Uplands Park,Parc Uplands,Public Tennis Courts,Courts de tennis publics,Green Acrylic,"3165 Uplands Drive, Ottawa","3165, promenade Uplands, Ottawa",2,0,2,no/non,no/non,yes/oui,yes/oui,no/non,no/non,Public Courts,Courts publics,no/non,,2019/02/27 10:18:56+00,,acrylique vert,"3165 Uplands Drive, Ottawa","3165, promenade Uplands, Ottawa",,,,,,,2
-75.6567985254286,45.4499063979646,103,132,3760,45,Manor Park,Parc Manor,Public Tennis Courts,Courts de tennis publics,Green Acrylic,"100 Braemar Street, Ottawa","100, rue Braemar, Ottawa",2,0,2,no/non,no/non,yes/oui,yes/oui,no/non,no/non,Public Courts,Courts publics,no/non,,2019/02/27 10:20:54+00,,acrylique vert,"100 Braemar Street, Ottawa","100, rue Braemar, Ottawa",,,,,,,2
-75.7755272206985,45.3498565276062,104,1109,4051,60,Pinecrest Recreation Complex and Park,Parc et complexe récréatif Pinecrest,Public Tennis Courts,Courts de tennis publics,Green Acrylic,"2250 Torquay Avenue, Ottawa","2250, avenue Torquay, Ottawa",4,0,4,no/non,no/non,yes/oui,yes/oui,no/non,no/non,Public Courts,Courts publics,no/non,,2019/02/27 10:27:38+00,,acrylique vert,"2250 Torquay Avenue, Ottawa","2250, avenue Torquay, Ottawa",,,,,,,2
-75.7369611549592,45.2540552543898,105,2389,34744,,Half Moon Bay Park,Parc Half Moon Bay,Public Tennis Courts,Courts de tennis publics,Blue Acrylic,"3525 Cambrian Road, Nepean","3525, chemin Cambrian, Nepean",2,0,2,yes/oui,no/non,no/non,yes/oui,no/non,no/non,Public Courts,Courts publics,no/non,,2019/02/27 10:40:08+00,2014/05/23 09:49:57+00,acrylique bleu,"3525 Cambrian Road, Nepean","3525, chemin Cambrian, Nepean",,,,,,,2
-75.9202370427181,45.3181621937345,106,438,27032,30,Jim Malone Park,Parc Jim-Malone,Public Tennis Courts,Courts de tennis publics,Green Acrylic,"400 Goldridge Drive, Kanata","400, promenade Goldridge, Kanata",1,0,1,yes/oui,no/non,no/non,yes/oui,no/non,no/non,Public Courts,Courts publics,no/non,,2019/02/27 10:29:16+00,,acrylique vert,"400 Goldridge Drive, Kanata","400, promenade Goldridge, Kanata",,,,,,,1
-75.6306400101565,45.450693910515,107,2599,49259,,Eugène Martineau Park - (FUTURE),Parc Eugène-Martineau - (FUTUR),Public Tennis Courts,Courts de tennis publics,Blue Acrylic,"710 Mikinak Road, Ottawa","710, chemin Mikinak, Ottawa",2,0,2,yes/oui,no/non,yes/oui,no/non,no/non,no/non,Public Courts,Courts publics,yes/oui,,2018/11/29 16:14:30+00,2018/11/29 16:11:50+00,acrylique bleu,710 Mikinak Road,"710, chemin Mikinak",,,,,,,0
-75.6594570122568,45.3449828556868,108,990,27021,78,Windsor Park Gloucester,Parc Windsor (Gloucester),Public Tennis Courts,Courts de tennis publics,Green Acrylic,"3560 Wyman Place, Gloucester","3560, place Wyman, Gloucester",1,0,1,no/non,no/non,yes/oui,yes/oui,no/non,no/non,Public Courts,Courts publics,no/non,,2019/02/27 10:31:28+00,,acrylique vert,"3560 Wyman Place, Gloucester","3560, place Wyman, Gloucester",,,,,,,1
-75.4246124346028,45.4196280964093,109,267,27000,38,Navan Centennial Park,Parc du centenaire de Navan,Public Tennis Courts,Courts de tennis publics,Green Acrylic,"1279 Colonial Road, Cumberland","1279, chemin Colonial, Cumberland",2,0,2,no/non,no/non,yes/oui,yes/oui,no/non,no/non,Public Courts,Courts publics,no/non,,2019/02/27 10:32:31+00,,acrylique vert,3591 Wickham Court,3591 cour Wickham,,,,,,,2
-75.6349312892182,45.3408089511767,110,10,27045,1,Aladdin Park,Parc Aladdin,Public Tennis Courts,Courts de tennis publics,Green Acrylic,"3939 Albion Road, Gloucester","3939,chemin Albion, Gloucester",2,0,2,yes/oui,no/non,yes/oui,yes/oui,no/non,no/non,Public Courts,Courts publics,no/non,,2019/02/27 10:35:33+00,,acrylique vert,3939 Albion Road,"3939,chemin Albion",,,,,,,2
-75.9378409787946,45.3492097777066,111,80,27034,40,Klondike Road Park,Parc du chemin Klondike,Public Tennis Courts,Courts de tennis publics,Asphalt,"1365 Halton Terrace, Kanata","1365, terrasse Halton, Kanata",2,0,2,no/non,no/non,yes/oui,yes/oui,no/non,no/non,Public Courts,Courts publics,no/non,,2022/08/10 15:19:22+00,,asphalte,"1365 Halton Terrace, Kanata","1365, terrasse Halton, Kanata",,,,,,,2
-75.7092901273786,45.3251839233636,112,140,27055,10,Pineglen Park,Parc Pineglen,Grenfell Tennis Club - Pineglen Site,Club de tennis de Grenfell - Emplacement Pineglen,Blue Acrylic,"22 Brisbane Road, Nepean","22, chemin Brisbane, Nepean",2,0,2,yes/oui,no/non,no/non,yes/oui,no/non,no/non,Membership Clubs,Abonnement des clubs,no/non,,2018/01/17 09:10:09+00,,acrylique bleu,"22 Brisbane Road, Nepean","22, chemin Brisbane, Nepean",,,,,,,0
-75.8962833542759,45.320430325194,113,164,27033,15,Beaverbrook Park,Parc Beaverbrook,March Tennis Club,Club de tennis de March,Green Acrylic,"2500 Campeau Drive, Kanata","2500, promenade Campeau, Kanata",8,0,8,yes/oui,yes/oui,no/non,yes/oui,no/non,no/non,Membership Clubs,Abonnement des clubs,no/non,,2019/02/27 10:43:54+00,,acrylique vert,"2500 Campeau Drive, Kanata","2500, promenade Campeau, Kanata",,,,,,,2
-75.7188230509703,45.3618383972568,114,320,27027,12,Steve MacLean Park,Parc Steve-MacLean,Long Park Tennis Club,Club de tennis de Long Park,Green Acrylic,"1190 Deer Park Road, Nepean","1190, chemin Deer Park, Nepean",4,0,4,no/non,yes/oui,no/non,no/non,no/non,yes/oui,Membership Clubs,Abonnement des clubs,no/non,,2018/01/17 09:09:52+00,,acrylique vert,"1190 Deer Park Road, Nepean","1190, chemin Deer Park, Nepean",,,,,,,0
-75.7534355089733,45.384029618153,115,338,3792,21,Westboro Kiwanis Park,Parc Westboro Kiwanis,Public Tennis Courts,Courts de tennis publics,Asphalt,"411 Dovercourt Avenue, Ottawa","411, avenue Dovercourt, Ottawa",1,0,1,no/non,no/non,no/non,yes/oui,no/non,no/non,Public Courts,Courts publics,no/non,,2021/08/18 10:51:52+00,,asphalte,"411 Dovercourt Avenue, Ottawa","411, avenue Dovercourt, Ottawa",,,,,,,0
-75.5076574856907,45.471295212594,116,343,27007,17,Queenswood Heights Centennial Park and Community Centre,Centre communautaire et parc du centenaire Queenswood Heights,Queenswood/Fallingbrook Tennis Club,Club de tennis de Queenswood/Fallingbrook,Clay,"1485 Duford Drive, Cumberland","1485, promenade Duford, Cumberland",3,0,3,yes/oui,no/non,yes/oui,yes/oui,no/non,no/non,Membership Clubs,Abonnement des clubs,no/non,,2018/01/17 09:09:34+00,,argile,"1485 Duford Drive, Cumberland","1485, promenade Duford, Cumberland",,,,,,,0
-75.4029510994421,45.5144758817432,117,348,27053,80,Wilfred Murray Park / R.J. Kennedy Community Hall and Arena,Parc Wilfred-Murray / Aréna et salle communautaire R.-J.-Kennedy,Cumberland Linons Tennis Club (Betty von Tobel Courts),Club de tennis Cumberland lions (terrains Betty-von-Tobel),Blue Acrylic,"1115 Dunning Road, Cumberland","1115, chemin Dunning, Cumberland",2,0,2,yes/oui,yes/oui,no/non,yes/oui,no/non,yes/oui,Public Courts,Courts publics,no/non,,2021/08/18 10:00:56+00,,acrylique bleu,"1115 Dunning Road, Cumberland","1115, chemin Dunning, Cumberland",,,,,,,1
-75.7187955032338,45.3980929757408,118,385,3735,25,Princess Margriet Park,Parc de la Princesse-Margriet,Public Tennis Courts,Courts de tennis publics,Green Acrylic,"265 Fairmont Avenue, Ottawa","265, avenue Fairmont, Ottawa",2,0,2,no/non,no/non,yes/oui,yes/oui,no/non,no/non,Public Courts,Courts publics,no/non,,2019/02/27 10:19:52+00,,acrylique vert,"265 Fairmont Avenue, Ottawa","265, avenue Fairmont, Ottawa",,,,,,,2
-75.4837042473045,45.4662554855773,119,420,27030,29,Gardenway Park,Parc Gardenway,Public Tennis Courts,Courts de tennis publics,Green Acrylic,"2001 Gardenway Drive, Cumberland","2001, promenade Gardenway, Cumberland",3,0,3,yes/oui,no/non,yes/oui,yes/oui,no/non,no/non,Public Courts,Courts publics,no/non,,2019/02/27 10:38:08+00,,acrylique vert,"2001 Gardenway Drive, Cumberland","2001, promenade Gardenway, Cumberland",,,,,,,2
-75.5364315617952,45.4625534597139,120,476,27003,64,Racette Park,Parc Racette,Public Tennis Courts,Courts de tennis publics,Green Acrylic,"1410 Henri Lauzon Street, Gloucester","1410, rue Henri-Lauzon, Gloucester",2,0,2,yes/oui,no/non,yes/oui,yes/oui,no/non,no/non,Public Courts,Courts publics,no/non,,2021/08/17 15:42:14+00,,acrylique vert,"1410 Henri Lauzon Street, Gloucester","1410, rue Henri-Lauzon, Gloucester",,,,,,,2
-75.6066181925849,45.3365277389001,121,484,27043,37,Kemp Park,Parc Kemp,Public Tennis Courts,Courts de tennis publics,Asphalt,"11 Robert Kemp Street, Gloucester","11, rue Robert-Kemp, Gloucester",1,0,1,no/non,no/non,no/non,yes/oui,no/non,no/non,Public Courts,Courts publics,no/non,,2022/06/22 15:45:37+00,,asphalte,"11 Robert Kemp Street, Gloucester","11, rue Robert-Kemp, Gloucester",,,,,,,1
-75.6215807816888,45.4373164972711,122,675,27035,14,Carson Grove Park,Parc Carson Grove,Public Tennis Courts,Courts de tennis publics,Green Acrylic,"1423 Matheson Road, Gloucester","1423, chemin Matheson, Gloucester",2,0,2,yes/oui,no/non,yes/oui,yes/oui,no/non,yes/oui,Public Courts,Courts publics,no/non,,2018/01/17 09:10:03+00,,acrylique vert,"1423 Matheson Road, Gloucester","1423, chemin Matheson, Gloucester",,,,,,,0
-75.7952806033661,45.3449796868472,123,728,3799,51,Morrison Park,Parc Morrison,Public Tennis Courts,Courts de tennis publics,Asphalt,"1095 Morrison Drive, Ottawa","1095, promenade Morrison, Ottawa",2,0,2,no/non,no/non,yes/oui,yes/oui,no/non,no/non,Public Courts,Courts publics,no/non,,2021/08/18 10:51:56+00,,asphalte,"1095 Morrison Drive, Ottawa","1095, promenade Morrison, Ottawa",,,,,,,0
-75.8843140963274,45.29499853253,124,776,27014,9,Beaton Park,Parc Beaton,Glen Cairn Tennis Club,Club de tennis de Glen Cairn,Green Acrylic,"70 Castlefrank Road, Kanata","70, chemin Castlefrank, Kanata",4,0,4,yes/oui,yes/oui,yes/oui,yes/oui,yes/oui,yes/oui,Membership Clubs,Abonnement des clubs,no/non,,2018/01/17 09:10:27+00,,acrylique vert,"70 Castlefrank Road, Kanata","70, chemin Castlefrank, Kanata",,,,,,,0
-75.668747895575,45.4284654345677,125,921,27064,65,Riverain Park,Parc Riverain,Public Tennis Courts,Courts de tennis publics,Green Acrylic,"400 North River Road, Vanier","400, chemin North River, Vanier",4,0,4,yes/oui,no/non,yes/oui,yes/oui,no/non,no/non,Public Courts,Courts publics,no/non,,2019/02/27 10:17:24+00,,acrylique vert,"400 North River Road, Vanier","400, chemin North River, Vanier",,,,,,,2
-75.7150468775706,45.2657693278702,126,963,27044,18,Davidson Park,Parc Davidson,Ryerson Tennis Club,Club de tennis Ryerson,Green Acrylic,"5 Ryerson Avenue, Nepean","5, avenue Ryerson, Nepean",2,0,2,yes/oui,no/non,yes/oui,yes/oui,no/non,yes/oui,Membership Clubs,Abonnement des clubs,no/non,,2021/12/09 15:32:50+00,,acrylique vert,"5 Ryerson Avenue, Nepean","5, avenue Ryerson, Nepean",,,,,,,0
-75.7839925253212,45.3468855947571,127,1022,3798,39,Kilreen Park,Parc Kilreen,Public Tennis Courts,Courts de tennis publics,Asphalt,"1250 Southwood Drive, Ottawa","1250, promenade Southwood, Ottawa",2,0,2,no/non,no/non,yes/oui,yes/oui,no/non,no/non,Public Courts,Courts publics,no/non,,2021/08/18 10:51:55+00,,asphalte,"1250 Southwood Drive, Ottawa","1250, promenade Southwood, Ottawa",,,,,,,0
-75.525175363163,45.476175892661,128,1053,27009,59,Pierre Rocque Park,Parc Pierre-Rocque,Public Tennis Courts,Courts de tennis publics,Green Acrylic,"1257 Joseph Drouin Avenue, Gloucester","1257, avenue Joseph-Drouin, Gloucester",2,0,2,yes/oui,no/non,yes/oui,yes/oui,no/non,no/non,Public Courts,Courts publics,no/non,,2019/02/27 10:36:08+00,,acrylique vert,"1257 Joseph-Drouin Avenue, Gloucester","1257, avenue Joseph-Drouin, Gloucester",,,,,,,2
-75.6756818960317,45.3941357238206,129,1186,3794,79,Windsor Park Ottawa,Parc Windsor (Ottawa),Public Tennis Courts,Courts de tennis publics,Green Acrylic,"1B Windsor Avenue, Ottawa","1B, avenue Windsor, Ottawa",4,0,4,no/non,no/non,no/non,yes/oui,no/non,no/non,Public Courts,Courts publics,no/non,,2019/02/27 10:23:05+00,,acrylique vert,"1B Windsor Avenue, Ottawa","1B, avenue Windsor, Ottawa",,,,,,,2
-75.734427358784,45.367676412701,130,1588,27001,58,Celebration Park,Parc Celebration,Public Tennis Courts,Courts de tennis publics,Green Acrylic,"200 Central Park Drive, Ottawa","200, promenade Central Park, Ottawa",2,0,2,no/non,no/non,yes/oui,yes/oui,no/non,no/non,Public Courts,Courts publics,no/non,,2018/01/17 09:10:37+00,,acrylique vert,"200 Central Park Drive, Ottawa","200, promenade Central Park, Ottawa",,,,,,,0
-75.4571349989283,45.4615247948672,131,1960,36409,62,Provence Park,Parc Provence,Public Tennis Courts,Courts de tennis publics,Green Acrylic,"2095 Provence Avenue, Cumberland","2095, avenue Provence, Cumberland",2,0,2,no/non,no/non,yes/oui,yes/oui,no/non,no/non,Public Courts,Courts publics,no/non,,2018/01/17 09:09:28+00,,acrylique vert,"2095 Provence Avenue, Cumberland","2095, avenue Provence, Cumberland",,,,,,,0
-75.8464360969766,45.273796368121,132,2494,35117,,Crownridge Park,Parc Crownridge,Public Tennis Courts,Courts de tennis publics,Green Acrylic,"290 Meadowbreeze Drive, Kanata","290, promenade Meadowbreeze, Kanata",2,0,2,yes/oui,no/non,no/non,yes/oui,no/non,no/non,Public Courts,Courts publics,yes/oui,,2021/08/17 13:01:15+00,2015/09/17 11:32:10+00,acrylique vert,290 Meadowbreeze Drive,"290, promenade Meadowbreeze",,,,,,,2
